{
    "faces":[35,0,1,3,2,0,0,0,0,0,35,2,3,7,6,0,1,1,1,1,35,6,7,5,4,0,2,2,2,2,35,1,0,4,5,0,3,3,3,3,35,4,0,2,6,0,4,4,4,4,35,7,3,1,5,0,5,5,5,5],
    "uvs":[],
    "metadata":{
        "uvs":0,
        "generator":"io_three",
        "type":"Geometry",
        "vertices":8,
        "materials":0,
        "faces":6,
        "version":3,
        "normals":6
    },
    "normals":[-1,0,0,0,-2.98023e-08,-1,1,0,0,0,2.98023e-08,1,0,-1,2.98023e-08,0,1,-2.98023e-08],
    "vertices":[-1,-1,1,-1,1,1,-1,-1,-1,-1,1,-1,1,-1,1,1,1,1,1,-1,-1,1,1,-1],
    "materials":[]
}