{
    "faces":[41,0,1,3,2,0,1,2,3,0,0,0,0,41,2,3,7,6,4,5,6,7,1,1,1,1,41,6,7,5,4,8,9,10,11,2,2,2,2,41,1,0,4,5,1,0,11,10,3,3,3,3,41,4,0,2,6,11,0,4,7,4,4,4,4,41,7,3,1,5,6,5,12,13,5,5,5,5],
    "uvs":[[0.250043,0.749957,0.250043,0.999913,8.66173e-05,0.999913,8.65875e-05,0.749957,0.250043,0.5,0.250043,0.250043,0.5,0.250043,0.5,0.5,0.749957,0.749957,0.749957,0.999913,0.5,0.999913,0.5,0.749957,0.250043,8.65875e-05,0.5,8.65875e-05]],
    "normals":[-1,0,0,0,-2.98023e-08,-1,1,0,0,0,2.98023e-08,1,0,-1,2.98023e-08,0,1,-2.98023e-08],
    "metadata":{
        "faces":6,
        "version":3,
        "uvs":1,
        "generator":"io_three",
        "normals":6,
        "type":"Geometry",
        "vertices":8
    },
    "vertices":[-1,-1,1,-1,1,1,-1,-1,-1,-1,1,-1,1,-1,1,1,1,1,1,-1,-1,1,1,-1]
}